AP1301,BOM
AP1302,BOM
AP1303,BOM
AP1304,BOM
AP1305,BOM
AP1306,BOM
B199,FL
B200,FL
B201,FL
B202,FL
B203,FL
B204,FL
B242-blu,FL
B243,FL
B271,FL
B275,FL
B281,FO
B282,FL
B308-blu,FL
B308-pnk,FL
B308-pur,FL
B308-red,FL
B309,FL
B310-blu,FL
B310-pnk,FL
B310-pur,FL
B310-red,FL
B314-blu,FL
B317-blu,FL
B317-pnk,FL
B317-pur,FL
B317-red,FL
BELSLGE-pbr,BL
CC01-blw,FL
CC02,FL
CC03,FL
CC09-blu,FL
CC10,FL
CC50,FL
CC60,FL
CC70,FL
CC80,FL
CC99,FL
CM010,FO
CM012,FO
CT011,FO
CT013,FO
CT015,FO
CT028-blu,FO
CT028-red,FO
CT038,FO
CT039,FO
CT041,FO
CT052,FO
CT072,FO
CT074,FO
CT075,FO
CT076,FO
CT077,FO
CT078,FO
CT079,FO
CT080,FO
CT081,FO
CT082,FO
CT092,FO
CVR02,FO
CVR03,FO
DB006,BL
DB007,BL
DB010-LGE,FO
DB010-MED,FO
DB010-SET,BOM
DB010-SML,FO
DB010-XLG,FO
DB020-cus,BL
DB020-flr,BL
DB020-gnt,BL
DB020-hlf,BL
DB020-lge,BL
DB020-med,BL
DB020-sml,BL
DB020-xlg,BL
DB031,FL
DB032,FL
DB033,FL
DB034,FL
DB035,BL
DB036,BL
DB037,BL
DB038,BL
DB041-lge,FO
DB041-med,FO
DB041-set,BOM
DB041-sml,FO
DB041-xlg,FO
DB042-lge,FO
DB042-med,FO
DB042-set,BOM
DB042-sml,FO
DB043-sml-blk,BL
DB043-sml-org,BL
DB044-lge-blk,BO
DB044-lge-org,BO
DB044-med-blk,BO
DB044-med-org,BO
DB044-set-blk,BO
DB044-set-org,BO
DB044-sml-blk,BO
DB044-sml-org,BO
DB045,FO
DB046,BL
DB053-lge,BL
DB053-med,BL
DB053-sml,BL
DB054-lge,BL
DB054-med,BL
DB055-lge,BL
DB055-med,BL
DB065-lge,BL
DB065-med,BL
DB066-lge,BL
DB066-med,BL
DB067-lge,BL
DB067-med,BL
DB070-lge,BL
DB070-med,BL
DB070-xlg,BL
DB071-lge,BL
DB071-med,BL
DB071-xlg,BL
DB072-lge,BL
DB072-med,BL
DB072-sml,BL
DB073-lge,BL
DB073-med,BL
DB073-sml,BL
DB080,FO
DB081,FO
DB083,BL
DB084,BL
DB085,BL
DB085C,BL
DB107-lge,FO
DB107-med,FO
DB108-lge,FO
DB108-med,FO
DB109,BL
DB109C,BL
DB110,BL
DB110C,BL
DB111,BL
DB111C,BL
DB112,BL
DB112C,BL
DB113-lge,FO
DB113-med,FO
DB113-set,BOM
DB113-sml,FO
DB113-xlg,FO
DB114-med,FO
DB115,BL
DB115C,BL
DB116,BL
DB116C,BL
DB120,BL
DB120C,BL
DB121-lge,BL
DB121-med,BL
DB122-lge,FO
DB122-med,FO
DB122-set,BOM
DB122-sml,FO
DB122-xlg,FO
DB123-lge,FO
DB123-med,FO
DB123-set,BOM
DB123-sml,FO
DB124-med,FO
DB124-sml,FO
DB125-lge,FO
DB125-med,FO
DB125-set,BOM
DB125-sml,FO
DB125-xlg,FO
DB127-lge,BL
DB127-med,BL
DB127-reg,BL
DB128-lge,BL
DB128-med,BL
DB128-xlg,BL
DB130-lge,FO
DB130-med,FO
DB130-set,BOM
DB130-sml,FO
DB131-jum,FO
DB131-lge,FO
DB131-med,FO
DB131-sml,FO
DBSJUM,BL
DBSLGE,BL
DBSRSJUM,FL
DBSRSLGE,FL
DBSRSMED,FL
DBSRSMIN,FL
DBSRSSML,FL
DBSSML,BL
DC018,FL
DC019,FL
DC021,FL
DC022,FL
DC038,FL
DC044,FL
DC055,FO
DC063,FO
DC064,FO
DC073,BL
DC076,BL
DC079,FL
DC081,BL
DC094,F
DC096,BL
DC108,BL
DC109,BL
DC113,FO
DC114,BL
DC115,BL
DC116,BL
DC117,BL
DC200,FO
DC201,FO
DC202,FO
DC203,FO
DC204,FO
DC205,FO
DC210,FO
DC211,FO
DC212,FO
DC213,FO
DC214,FO
DC215,FO
DC220,FO
DC221,FO
DC222,FO
DC225,FO
DC226,FO
DC230,FO
DC231,FO
DC232,FO
DC235,FO
DC236,FO
DC237,FO
DC240,FO
DC241,FO
DC242,FO
DC243,FO
DC252,FO
DC253,FO
DC271,BO
DC277,FL
DC278,BO
DC282,FO
DC283,BL
DC284,BL
DC285,BL
DC286,BL
DC287,BL
DC288,BL
DC289,BL
DC290,BL
DC291,BL
DC292,BL
DC294,FO
DC296,FO
DC297,FO
DC298,FO
DC299,FO
DC300,BL
DC301,BL
DC302,BL
DCDC25,BL
DCF30-blk,FO
DCF35-blk,FO
DCF40-blk,FO
DCF40-org,FO
DCF45-blk,FO
DCF45-org,FO
DCF50-blk,FO
DCF50-org,FO
DCF55-blk,FO
DCL01-50,FO
DCL01-55,FO
DCL02-25,FO
DCL02-45,FO
DCLN40-blu,BL
DCLN40-brn,BL
DCLN40-bur,BL
DCLN40-gry,BL
DCLN40-pnk,BL
DCLN40-pur,BL
DCLN40-red,BL
DCLN50-blu,BL
DCLN50-brn,BL
DCLN50-bur,BL
DCLN50-gry,BL
DCLN50-pnk,BL
DCLN50-pur,BL
DCLN50-red,BL
DCLN60-blu,BL
DCLN60-brn,BL
DCLN60-bur,BL
DCLN60-gry,BL
DCLN60-pnk,BL
DCLN60-pur,BL
DCLN60-red,BL
DCLN70-blu,BL
DCLN70-brn,BL
DCLN70-bur,BL
DCLN70-gry,BL
DCLN70-pnk,BL
DCLN70-pur,BL
DCLN70-red,BL
DCLN80-blu,BL
DCLN80-brn,BL
DCLN80-bur,BL
DCLN80-gry,BL
DCLN80-pnk,BL
DCLN80-pur,BL
DCLN80-red,BL
DCLN90-blu,BL
DCLN90-brn,BL
DCLN90-bur,BL
DCLN90-gry,BL
DCLN90-pnk,BL
DCLN90-pur,BL
DCLN90-red,BL
DCXP01-30,FO
DCXP01-35,FO
DCXP01-40,FO
DCXP01-45,FO
DCXP01-50,FO
DCXP01-55,FO
DCXP01-60,FO
DCXP01-65,FO
DCXP01-70,FO
DCXP01-75,FO
DCXP02-30,FO
DCXP02-35,FO
DCXP02-40,FO
DCXP02-45,FO
DCXP02-50,FO
DCXP02-55,FO
DCXP02-60,FO
DCXP02-65,FO
DCXP02-70,FO
DCXP02-75,FO
DCXP03-30,FO
DCXP03-35,FO
DCXP03-40,FO
DCXP03-45,FO
DCXP03-50,FO
DCXP03-55,FO
DCXP03-60,FO
DCXP03-65,FO
DCXP03-70,FO
DCXP03-75,FO
DCXP05-25,FO
DCXP05-30,FO
DCXP05-35,FO
DCXP05-40,FO
DCXP05-45,FO
DCXP05-50,FO
DCXP05-55,FO
DCXP05-60,FO
DCXP06-25,FO
DCXP06-30,FO
DCXP06-35,FO
DCXP06-40,FO
DCXP06-45,FO
DCXP06-50,FO
DCXP06-55,FO
DCXP06-60,FO
DCXP07-25,FO
DCXP07-30,FO
DCXP07-35,FO
DCXP07-40,FO
DCXP07-45,FO
DCXP07-50,FO
DCXP07-55,FO
DCXP07-60,FO
DCXP11-30,FO
DCXP11-35,FO
DCXP11-40,FO
DCXP11-45,FO
DCXP11-50,FO
DCXP12-30,FO
DCXP12-35,FO
DCXP12-40,FO
DCXP12-45,FO
DCXP12-50,FO
DCXP13-30,FO
DCXP13-35,FO
DCXP13-40,FO
DCXP13-45,FO
DCXP13-50,FO
DCXP14-30,FO
DCXP14-35,FO
DCXP14-40,FO
DCXP14-45,FO
DCXP14-50,FO
DCXP15-30,FO
DCXP15-35,FO
DCXP15-40,FO
DCXP15-45,FO
DCXP15-50,FO
DCYB25,BL
DOND-LGE-brn,FO
DT022,FO
DT027,FO
DT061,FO
DT066,FO
DT067,FO
DT068,FO
DT081,FO
DT112,FO
DT117-box,FO
DT125,FO
DT130,BL
DT133,FO
DT134,FO
DT135,FO
DT136,FO
DT137,FO
DT140,FO
DT141,FO
DT142,BL
DT143,BL
DT144,BL
DT145-blu,FO
DT145-brn,FO
DT145-set,BOM
DT146,FO
DT147,FO
DT148,BL
DT149,BL
DT150,FO
DT151,FO
DT152,FO
DT153,FO
DT154,FO
DT155,FO
DT156,FO
DT157,FO
DT158,FO
DT159,FO
DT160,FO
DT161,FO
DT162,FO
FF02-blu,FO
FF02-grn,FO
FF02-red,FO
FF02-set,FO
FUTDCLGE-brn,BL
FUTDCLGE-dkb,BL
FUTDCLGE-lte,BL
FUTDCMED-brn,BL
FUTDCMED-dkb,BL
FUTDCMED-lte,BL
FUTDCXLG-brn,BL
FUTDCXLG-dkb,BL
FUTDCXLG-lte,BL
FUTDLGE-brn,BL
FUTDLGE-dkb,BL
FUTDLGE-lte,BL
FUTDMED-brn,BL
FUTDMED-dkb,BL
FUTDMED-lte,BL
FUTDXLG-brn,BL
FUTDXLG-dkb,BL
FUTDXLG-lte,BL
GIFT12,FO
GR52,FL
HP009-blu,FO
HP009-red,FO
IGLSLGE-pbr,BL
K9C20B,BL
K9C20V,BL
K9C25B,BL
K9C25V,BL
K9C30B,BL
K9C30V,BL
K9C35B,BL
K9C35V,BL
K9C40B,BL
K9C40V,BL
K9C45B,BL
K9C45V,BL
K9C50B,BL
K9C50V,BL
K9C55B,BL
K9C55V,BL
K9C60B,BL
K9C60V,BL
K9C65B,BL
K9C65V,BL
K9C70B,BL
K9C70V,BL
K9C75B,BL
K9C75V,BL
K9C80B,BL
K9C80V,BL
K9S20-blu,BL
K9S20-brn,BL
K9S20-bur,BL
K9S20-gry,BL
K9S20-pnk,BL
K9S20-pur,BL
K9S20-red,BL
K9S25-blu,BL
K9S25-brn,BL
K9S25-bur,BL
K9S25-gry,BL
K9S25-pnk,BL
K9S25-pur,BL
K9S25-red,BL
K9S30-blu,BL
K9S30-brn,BL
K9S30-bur,BL
K9S30-gry,BL
K9S30-pnk,BL
K9S30-pur,BL
K9S30-red,BL
K9S35-blu,BL
K9S35-brn,BL
K9S35-bur,BL
K9S35-gry,BL
K9S35-pnk,BL
K9S35-pur,BL
K9S35-red,BL
K9S40-blu,BL
K9S40-brn,BL
K9S40-bur,BL
K9S40-gry,BL
K9S40-pnk,BL
K9S40-pur,BL
K9S40-red,BL
K9S45-blu,BL
K9S45-brn,BL
K9S45-bur,BL
K9S45-gry,BL
K9S45-pnk,BL
K9S45-pur,BL
K9S45-red,BL
K9S50-blu,BL
K9S50-brn,BL
K9S50-bur,BL
K9S50-gry,BL
K9S50-pnk,BL
K9S50-pur,BL
K9S50-red,BL
K9S55-blu,BL
K9S55-brn,BL
K9S55-bur,BL
K9S55-gry,BL
K9S55-pnk,BL
K9S55-pur,BL
K9S55-red,BL
K9S60-blu,BL
K9S60-brn,BL
K9S60-bur,BL
K9S60-gry,BL
K9S60-pnk,BL
K9S60-pur,BL
K9S60-red,BL
K9S70-blu,BL
K9S70-brn,BL
K9S70-bur,BL
K9S70-gry,BL
K9S70-pnk,BL
K9S70-pur,BL
K9S70-red,BL
K9S80-blu,BL
K9S80-brn,BL
K9S80-bur,BL
K9S80-gry,BL
K9S80-pnk,BL
K9S80-pur,BL
K9S80-red,BL
LC010-blk,FO
LC010-red,FO
LC012-blk,FO
LC012-red,FO
LC050-blu,BO
LC050-brn,BO
LC050-lpk,BO
LC050-pnk,BO
LC050-red,BO
LC114-bur,BO
LC153,BL
LC155,BL
LC500-gld,BL
LC500-pur,BL
LC500-svr,BL
LC502-blk,BL
LC502-dkb,BL
LC502-pur,BL
LC502-red,BL
LC504-blk,BL
LC504-dkb,BL
LC504-pur,BL
LC504-red,BL
LC508-blk,BL
LC508-dkb,BL
LC508-pur,BL
LC508-red,BL
LC510-blk,BL
LC510-dkb,BL
LC510-pur,BL
LC510-red,BL
LC512-blk,BL
LC512-dkb,BL
LC512-pur,BL
LC512-red,BL
LC514-blk,BL
LC514-dkb,BL
LC514-pur,BL
LC514-red,BL
LC537,BL
LC539,BL
LC540-blk,FL
LC540-red,FL
LC540-tan,FL
LC542-blk,FL
LC542-red,FL
LC542-tan,FL
LC544-blk,FL
LC544-red,FL
LC544-tan,FL
LC546-blk,FL
LC546-red,FL
LC546-tan,FL
LC554-blk,FL
LC554-red,FL
LC554-tan,FL
LC571-blk,FL
LC571-brn,FL
LC589,FL
LC591,FL
LC593,FL
LC595,FL
LC630-blk,BL
LC630-dkb,BL
LC630-ltb,BL
LC630-pur,BL
LC630-red,BL
LC632-blk,BL
LC632-dkb,BL
LC632-ltb,BL
LC632-pur,BL
LC632-red,BL
LC634-blk,BL
LC634-dkb,BL
LC634-ltb,BL
LC634-pur,BL
LC634-red,BL
LC636-blk,BL
LC636-dkb,BL
LC636-ltb,BL
LC636-pur,BL
LC636-red,BL
LC661,FO
LC663-blk,BL
LC663-dkb,BL
LC663-ltb,BL
LC663-pur,BL
LC663-red,BL
LC664-blk,BL
LC664-dkb,BL
LC664-ltb,BL
LC664-pur,BL
LC664-red,BL
LC667-blk,BL
LC667-dkb,BL
LC667-ltb,BL
LC667-pur,BL
LC667-red,BL
LC668-blk,BL
LC668-dkb,BL
LC668-ltb,BL
LC668-pur,BL
LC668-red,BL
LC672-blk,BL
LC672-dkb,BL
LC672-ltb,BL
LC672-pur,BL
LC672-red,BL
LC674-blk,BL
LC674-dkb,BL
LC674-ltb,BL
LC674-pur,BL
LC674-red,BL
LC675-blk,FO
LC675-dkb,FO
LC675-ltb,FO
LC675-pur,FO
LC675-red,FO
LC676-blk,BL
LC676-dkb,BL
LC676-ltb,BL
LC676-pur,BL
LC676-red,BL
LC677-blk,BL
LC677-dkb,BL
LC677-ltb,BL
LC677-pur,BL
LC677-red,BL
LC678-blk,BL
LC678-dkb,BL
LC678-ltb,BL
LC678-pur,BL
LC678-red,BL
LC679-blk,FO
LC679-dkb,FO
LC679-ltb,FO
LC679-pur,FO
LC679-red,FO
LC690-blk,FL
LC690-dkb,FL
LC690-ltb,FL
LC690-pur,FL
LC690-red,FL
LC691-blk,FL
LC691-dkb,FL
LC691-ltb,FL
LC691-pur,FL
LC691-red,FL
LC694-blk,FL
LC694-blu,FL
LC694-pur,FL
LC694-red,FL
LC697-blk,FL
LC697-blu,FL
LC697-pur,FL
LC697-red,FL
LC699-blk,FL
LC699-blu,FL
LC699-pur,FL
LC699-red,FL
LC700-blk,FL
LC700-blu,FL
LC700-pur,FL
LC700-red,FL
LC704-blk,FL
LC704-blu,FL
LC704-pur,FL
LC704-red,FL
LC705-blk,FL
LC705-blu,FL
LC705-pur,FL
LC705-red,FL
LC707-blk,FL
LC707-blu,FL
LC707-pur,FL
LC707-red,FL
LC709-blk,FL
LC709-blu,FL
LC709-pur,FL
LC709-red,FL
LC711-blk,FL
LC711-blu,FL
LC711-pur,FL
LC711-red,FL
LC713-blk,FL
LC713-blu,FL
LC713-pur,FL
LC713-red,FL
LC752-blk,FL
LC752-dkb,FL
LC752-pur,FL
LC752-red,FL
LC754-blk,FL
LC754-blu,FL
LC754-chc,FL
LC754-gry,FL
LC754-jde,FL
LC754-llc,FL
LC754-org,FL
LC754-pnk,FL
LC754-pur,FL
LC754-red,FL
LC755-blk,FL
LC755-blu,FL
LC755-chc,FL
LC755-gry,FL
LC755-jde,FL
LC755-llc,FL
LC755-org,FL
LC755-pnk,FL
LC755-pur,FL
LC755-red,FL
LC762-blk,FL
LC762-dkb,FL
LC762-ltb,FL
LC762-pur,FL
LC762-red,FL
LC764-blk,FL
LC764-dkb,FL
LC764-ltb,FL
LC764-pur,FL
LC764-red,FL
LC766-blu,FO
LC766-pnk,FO
LC766-pur,FO
LC766-red,FO
LC792-blk,BL
LC792-dkb,BL
LC792-pur,BL
LC792-red,BL
LC794-blk,BL
LC794-dkb,BL
LC794-pur,BL
LC794-red,BL
LC796-blk,BL
LC796-dkb,BL
LC796-pur,BL
LC796-red,BL
LC798-blk,BL
LC798-dkb,BL
LC798-pur,BL
LC798-red,BL
LC801-grn,BL
LC801-org,BL
LC801-yel,BL
LC888-blk,BL
LC888-bur,BL
LC888-org,BL
LC888-pnk,BL
LC888-red,BL
LC892-blk,BL
LC892-blu,BL
LC892-pur,BL
LC892-red,BL
LC897-blk,BL
LC897-pnk,BL
LC897-red,BL
LC911,BL
LC913,BL
LC915,BL
LC917,BL
LC958,FO
LC959,FO
LC960,FO
LC961,FO
LC962,FO
LC963,FO
LC965,FO
LC966,FO
MATSDLGE-xxx,BL
MATSDMED-xxx,BL
MATSDSML-xxx,BL
MATSFJUM-dbl,BL
MATSFLGE-dbl,BL
MATSFMED-dbl,BL
MATSFMIN-dbl,BL
MATSFSML-dbl,BL
MATWDLGE-brn,BL
MATWDLGE-dkb,BL
MATWDLGE-gry,BL
MATWDLGE-lte,BL
MATWDMED-brn,BL
MATWDMED-dkb,BL
MATWDMED-gry,BL
MATWDMED-lte,BL
MATWDSML-brn,BL
MATWDSML-dkb,BL
MATWDSML-gry,BL
MATWDSML-lte,BL
PDL01,BL
PDL05,BL
PDL10,BL
PDL15,BL
PDLP02,BL
PDLP05,BL
PDLP10,BL
PDLP18,BL
PDLPST,BL
PPDLGE-bei,BL
PPDLGE-blk,BL
PPDMED-bei,BL
PPDMED-blk,BL
PPDSML-bei,BL
PPDSML-blk,BL
PPDXLG-bei,BL
PPDXLG-blk,BL
PPDXXL-bei,BL
PPDXXL-blk,BL
PPTOPUP,BL
XMHZ039,FO
XMHZ040,FO
XMHZ045,FO
XMHZ046,FO
060B,
060D,
060S,
200B,
200D,
200S,
300D,
600D,
900D,
B209-blu,
B209-grn,
B209-red,
B209-yel,
B210-blu,
B210-grn,
B210-red,
B210-yel,
B213-blu,
B213-grn,
B213-red,
B213-yel,
B220-blu,
B220-grn,
B220-red,
B220-yel,
B221-blu,
B221-red,
B221-yel,
B227,
B230,
B231,
B232-blu,
B232-grn,
B232-red,
B232-yel,
B233,
B237,
B240-blu,
B240-grn,
B240-red,
B240-yel,
B241-blu,
B241-gld,
B241-grn,
B241-red,
B242,
B244-blu,
B244-gld,
B244-grn,
B244-red,
B245-blu,
B245-gld,
B245-grn,
B245-red,
B260,
B261,
B262,
B263,
B264,
B265,
B266,
B272,
B273-blu,
B273-mti,
B273-red,
B280,
B300-blu,
B300-grn,
B300-red,
B300-yel,
B301-blu,
B301-grn,
B301-red,
B301-yel,
B302-blu,
B302-grn,
B302-red,
B302-yel,
B303-blu,
B303-pur,
B303-red,
B304-blu,
B304-pnk,
B304-pur,
B304-red,
B305,
B306,
B307,
B311-fwn,
B311-grn,
B312-fwn,
B312-grn,
B313-fwn,
B313-grn,
B315,
B316,
BELDLGE-fle,M
BELDLGE-fpa,M
BK01,
BK02,
BK03,
BLING55-b,F
BLING55-p,F
BRD01,
BRD02,
BRD03,
BRD04,
BRD05,
BRD06,
BRD07,
C001,
C002,
C010,
C011,
C012,
C013,
C014,
C015,
C016,
CB001,
CC01-ltb,
CC01-pnk,
CC01-pur,
CC05,
CC09-pnk,
CC10-t,
CL212,
CL312,
CL412,
CM004,
CT008,
CT009,
CT012,
CT016,
CT019,
CT021,
CT023,
CT026,
CT027,
CT028-blk,
CT029,
CT031,
CT032,
CT033,
CT034,
CT035,
CT036,
CT037,
CT040,
CT042,
CT043,
CT044,
CT045,
CT046,
CT047,
CT048,
CT049,
CT050,
CT051,
CT053,
CT055,
CT056,
CT057,
CT060,F
CT061,
CT062-blu,
CT062-red,
CT062-set,
CT063,
CT064,
CT065,
CT066,
CT067,
CT068,
CT069,
CT070,
CT071,
CT073,
CVR06,
DB001,
DB002,
DB003-lge-brn,
DB003-med-brn,
DB003-set-brn,
DB003-sml-brn,
DB003-xlg-brn,
DB004,
DB005-LGE-blu,
DB005-LGE-pnk,
DB005-MED-blu,
DB005-MED-pnk,
DB005-SET-blu,
DB005-SET-pnk,
DB005-SML-blu,
DB005-SML-pnk,
DB008-LGE,
DB008-MED,
DB008-SET,
DB008-SML,
DB008-XLG,
DB011,
DB012-brx,
DB012-chi,
DB012-jar,
DB013,
DB014,
DB015,
DB016-lge,
DB016-med,
DB016-set,
DB016-sml,
DB016-xlg,
DB017-med,
DB017-set,
DB017-sml,
DB018,
DB019-LGE-pbe,
DB019-LGE-pbr,
DB019-LGE-pgy,
DB019-MED-pbe,
DB019-MED-pbr,
DB019-MED-pgy,
DB021-lge,
DB021-med,
DB021-set,
DB021-sml,
DB021-xlg,
DB022,
DB023,
DB025,
DB026,
DB027,
DB028-lge,
DB028-med,
DB028-set,
DB028-sml,
DB029-lge,
DB029-med,
DB029-set,
DB029-sml,
DB030-lge,
DB030-med,
DB030-set,
DB030-sml,
DB040-lge,
DB040-med,
DB040-set,
DB040-sml,
DB040-xlg,
DB041-setb,
DB043-lge-blk,M
DB043-lge-org,M
DB043-med-blk,M
DB043-med-org,M
DB043-set-blk,M
DB043-set-org,M
DB047-LGE,
DB047-MED,
DB048-LGE,
DB048-MED,
DB049,
DB050,
DB051-lge,
DB051-med,
DB051-sml,
DB052-lge,
DB052-med,
DB060-lge-bei,
DB060-lge-brn,
DB060-med-bei,
DB060-med-brn,
DB060-set-bei,
DB060-set-brn,
DB060-sml-bei,
DB060-sml-brn,
DB060-xsl-bei,
DB060-xsl-brn,
DB061-lge,
DB061-med,
DB061-set,
DB061-xlg,
DB062-lge,
DB062-med,
DB062-set,
DB062-setb,
DB062-sml,
DB062-xlg,
DB068-lge,
DB068-med,
DB069-lge,
DB069-med,
DB082,
DB086,
DB086C,
DB100,
DB100C,
DB101,
DB101C,
DB102,
DB104,
DB105,
DB106,
DB107-set,F
DB107-sml,F
DB108-set,F
DB108-sml,F
DB114-lge,
DB114-set,
DB114-sml,F
DB114-xlg,
DB117,
DB117C,
DB118-set,
DB119-set,
DB123-xlg,F
DB124-lge,F
DB124-set,F
DB124-xlg,F
DB126-lge,
DB126-med,
DB126-reg,
DB129-lge,F
DB129-med,F
DB129-set,F
DB129-sml,F
DB129-xlg,F
DBDLGE,
DBDMED,
DBDRSLGE,
DBDRSMED,
DBDRSSML,
DBDSML,
DC001,
DC002,
DC003,
DC004,
DC005,
DC006,
DC007,
DC008,
DC009,
DC010,
DC011,
DC012,
DC013,
DC014,
DC015,
DC017,
DC020,
DC023,
DC024,
DC025,
DC030,
DC032,
DC033,
DC034,F
DC035,
DC036,
DC037,
DC039,
DC040,
DC042,
DC045,
DC046,
DC047,
DC048,
DC049,
DC050,
DC051,
DC052,
DC053,
DC054,
DC056,
DC057,
DC058,
DC059,
DC060,
DC061,
DC062,
DC065,
DC066,
DC067,
DC068,
DC069,
DC070,
DC071,
DC074,
DC075,
DC077,
DC078,
DC082,
DC083,
DC084,
DC085,
DC086,
DC087,
DC088,
DC089,
DC090,
DC091,
DC092,
DC093,
DC095,
DC097,
DC098,
DC099,
DC100,
DC101,
DC102,
DC103,
DC104,
DC105,
DC106,
DC107,
DC110,
DC111,
DC112,
DC250,
DC251,
DC272,
DC273,
DC274,
DC275,
DC276,
DC279,M
DC293,
DC295,
DCDC01,
DCDC05,
DCF30-org,
DCF35-org,
DCF55-org,
DCH25-blu,
DCH25-org,
DCH25-pnk,
DCH25-red,
DCH30-blu,
DCH30-org,
DCH30-pnk,
DCH30-red,
DCH35-blu,
DCH35-org,
DCH35-pnk,
DCH35-red,
DCH40-blu,
DCH40-org,
DCH40-pnk,
DCH40-red,
DCH45-blu,
DCH45-org,
DCH45-pnk,
DCH45-red,
DCL01-30,
DCL01-35,
DCL01-40,
DCL01-45,
DCL02-30,
DCL02-35,
DCL02-40,
DCL03-30,
DCL03-35,
DCL03-40,
DCL03-45,
DCL03-50,
DCN25-blk,
DCN25-blu,
DCN30-blk,
DCN30-blu,
DCN35-blk,
DCN35-blu,
DCN40-blk,
DCN40-blu,
DCN45-blk,
DCN45-blu,
DCN50-blk,
DCN50-blu,
DCN55-blk,
DCN55-blu,
DCN60-blk,
DCN60-blu,
DCYB01,
DCYB05,
DM001,
DOND-MED-brn,F
DONDSET-brn,
DOND-SET-brn,F
DOND-SML-brn,F
DT008,
DT013,
DT018,
DT019,
DT023,
DT036,
DT037,
DT041,
DT044,
DT045,
DT046,
DT047,
DT048,
DT052,
DT053,
DT054,
DT055,
DT056,
DT057,
DT058,
DT059,
DT060,
DT062,
DT063,
DT064,
DT065,
DT069,
DT070,
DT071,
DT073,
DT074,
DT075,
DT076,
DT077,
DT078,
DT079,
DT080,
DT082,
DT083,
DT084,
DT085,
DT086,
DT087,
DT088,
DT099,
DT100,
DT101,
DT102,
DT103,
DT104,
DT105,
DT106,
DT109,
DT110,
DT111,
DT114,
DT115,
DT117KW,
DT118KW,
DT119,
DT120,
DT120KW,
DT121,
DT121KW,
DT122KW,
DT123KW,
DT124KW,
DT126,
DT127,
DT128,
DT129,
DT131,
DT132,
DT138,
DT139,
DT139a,
DT139b,
DT139c,
Economy Pack 1,
Economy Pack 2,
Economy Pack 3,
Economy Pack 4,
EP1,
EP2,
EP3,
EP4,
FF01-blu,
FF01-grn,
FF01-red,
FF01-yel,
FL02,
FL04,
FL05,
FL06,
FUTPLGE-fmd,
FUTPMED-fmd,
FUTPXLG-fmd,
FUTSCLGE-pbl,
FUTSCLGE-pbr,
FUTSCLGE-ppu,
FUTSCMED-pbl,
FUTSCMED-pbr,
FUTSCMED-ppu,
FUTSCXLG-pbl,
FUTSCXLG-pbr,
FUTSCXLG-ppu,
FUTSLGE-pbl,
FUTSLGE-pbr,
FUTSLGE-ppu,
FUTSMED-pbl,
FUTSMED-pbr,
FUTSMED-ppu,
FUTSXLG-pbl,
FUTSXLG-pbr,
FUTSXLG-ppu,
GIFT01,
GIFT02,
GIFT03,
GIFT04,
GIFT05,
GIFT06,
GIFT07,
GIFT08,
GIFT09,
GIFT10,
GIFT11,
GIFT13,
GIFT14,
GIFT15,
GR22,
GR51,
GR53,
GR60,
GR61,
GR62-blk,
GR62-blu,
GR63,
GR64,
GR65,
GR66,
GR67,
GR68,
GR69,
GR70,
GR71,
GR80,
GR81,
GR97,
GR98,
GR99,
HP009,
HP009-blk,
IDT006-set,
IGLDLGE-fle,M
IGLDLGE-fpa,M
IGLSMED-pbr,
K9C20F-CB,
K9C20F-CR,
K9C25F-CB,
K9C25F-CR,
K9C30F-CB,
K9C30F-CR,
K9C30-fle,
K9C35F-CB,
K9C35F-CR,
K9C35-fle,
K9C40F-CB,
K9C40F-CR,
K9C40-fle,
K9C45F-CB,
K9C45F-CR,
K9C45-fle,
K9C50F-CB,
K9C50F-CR,
K9C55F-CB,
K9C55F-CR,
K9C60F-CB,
K9C60F-CR,
K9C65F-CB,
K9C65F-CR,
K9C70F-CB,
K9C70F-CR,
K9JSML-blu,
K9JSML-pur,
K9S30-fle,
K9S35-fle,
K9S40-fle,
LC101-blk,
LC101-blu,
LC101-red,
LC102-blu,
LC102-grn,
LC102-gry,
LC102-pur,
LC102-red,
LC103-brn,
LC103-tan,
LC103-wte,
LC104,
LC105-blk,
LC105-blu,
LC105-red,
LC110-tan,
LC110-wte,
LC111-blu,
LC111-red,
LC111-yel,
LC112-pur,
LC112-red,
LC114-red,
LC120,
LC150,
LC151,
LC152,
LC154,
LC160,
LC163,
LC166,
LC532,
LC534,
LC536,
LC538,
LC547,
LC549-bur,
LC549-red,
LC553,
LC555,
LC557,
LC559,
LC561,
LC563,
LC565,
LC567,
LC569,
LC573,
LC575,
LC577,
LC579,
LC581,
LC583,
LC585,
LC587,
LC597,
LC598,
LC599,
LC601,
LC603,
LC605,
LC607,
LC620-blk,
LC620-blu,
LC620-pur,
LC620-red,
LC624-blk,
LC624-blu,
LC624-pur,
LC624-red,
LC627-blk,
LC627-pnk,
LC627-red,
LC631-blk,
LC631-grn,
LC631-org,
LC631-pnk,
LC631-red,
LC665,
LC756-pnk,
LC763,
LC765,
LC766-yel,
LC767,
LC767-blu,
LC767-grn,
LC767-red,
LC767-yel,
LC799,
LC820-grn,
LC820-org,
LC821-grn,
LC821-org,
LC871-gld,
LC871-grn,
LC873-gld,
LC873-grn,
LC881-grn,
LC881-red,
LC890-blk,
LC890-blu,
LC890-pur,
LC890-red,
LC893-grn,
LC893-pur,
LC895-blk,
LC895-grn,
LC895-org,
LC895-pnk,
LC895-red,
LC901-blk,
LC901-blu,
LC901-org,
LC901-pnk,
LC901-pur,
LC901-red,
LC903-org,
LC903-pur,
LC903-yel,
LC905-blk,
LC905-blu,
LC905-org,
LC905-pnk,
LC905-pur,
LC905-red,
LC909-blk,
LC909-blu,
LC909-org,
LC909-pnk,
LC909-pur,
LC909-red,
LC924,
LC964,
LC967,
LC968,
LC969,
LC970-grn,
LC970-pur,
LC970-red,
LC970-yel,
LC971-grn,
LC971-pur,
LC971-red,
LC971-yel,
LC972-grn,
LC972-pur,
LC972-red,
LC972-yel,
LC973-grn,
LC973-pur,
LC973-red,
LC973-yel,
LC980,
LC981,
LC982,
LC990-blk,
LC990-blu,
LC990-grn,
LC990-pnk,
LC990-red,
MATCDLGE-blu,
MATCDLGE-brn,
MATCDLGE-grn,
MATCDMED-blu,
MATCDMED-brn,
MATCDMED-grn,
MATCDSML-blu,
MATCDSML-brn,
MATCDSML-grn,
MATDDLGE-cbl,
MATDDLGE-ccf,
MATDDLGE-cpu,
MATDDLGE-cre,
MATDDLGE-ctl,
MATDDMED-cbl,
MATDDMED-ccf,
MATDDMED-cpu,
MATDDMED-cre,
MATDDMED-ctl,
MATDDSML-cbl,
MATDDSML-ccf,
MATDDSML-cpu,
MATDDSML-cre,
MATDDSML-ctl,
MATDDSML-dkb,
MATDDSML-nat,
MATSD060-xxx,
MATSD200-xxx,
MATSD300-xxx,
MATSD600-xxx,
MATSD900-xxx,
MATSFC01-xxx,
MATSFC02-xxx,
MATSFJUM-cbl,
MATSFLGE-cbl,
MATSFMIN-cbl,
MSP001,M
MSP002,M
MUZ01,
MUZ02,
MUZ03,
MUZ04,
Pack1-M12,
Pack2-M12,
Pack3-M12,
Pack4-M12,
RNDDLGE-cbl,
RNDDLGE-ccf,
RNDDLGE-ctl,
RNDDLGE-fle,
RNDDLGE-fpa,
RNDDLGE-spw,
RNDDMED-cbl,
RNDDMED-ccf,
RNDDMED-ctl,
RNDDMED-fle,
RNDDMED-fpa,
RNDDMED-spw,
RNDDSML-cbl,
RNDDSML-ccf,
RNDDSML-ctl,
RNDDSML-fle,
RNDDSML-fpa,
RNDDSML-spw,
RNDDXLG-cbl,
RNDDXLG-ccf,
RNDDXLG-ctl,
RNDDXLG-fle,
RNDDXLG-fpa,
RNDDXLG-spw,
RNDLLGE-bur,
RNDLLGE-fwn,
RNDLLGE-tle,
RNDLMED-bur,
RNDLMED-fwn,
RNDLMED-tle,
RNDLSML-bur,
RNDLSML-fwn,
RNDLSML-tle,
RNDLXLG-bur,
RNDLXLG-fwn,
RNDLXLG-tle,
RNDSGNT-pbl,
RNDSGNT-pbr,
RNDSGNT-pbu,
RNDSLGE-pbl,
RNDSLGE-pbr,
RNDSLGE-pbu,
RNDSMED-pbl,
RNDSMED-pbr,
RNDSMED-pbu,
RNDSSML-pbl,
RNDSSML-pbr,
RNDSSML-pbu,
RNDSXLG-pbl,
RNDSXLG-pbr,
RNDSXLG-pbu,
SS1,
SS2,
SUPSAVP1-jun2011-A,
SUPSAVP1-jun2011-B,
SUPSAVP2-jun2011,
SUPSAVP3-jun2011,
SUPSAVP4-jun2011,
XM003,
XM006,
XM011,
XM012,
XM013,
XM014,
XM015,
XM016,
XM030,
XM031,
XM032,
XM033,
XMHZ020,
XMHZ021,
XMHZ022,
XMHZ023,
XMHZ024,
XMHZ025,
XMHZ026,
XMHZ027,
XMHZ028,
XMHZ029,
XMHZ030,
XMHZ031,
XMHZ032,
XMHZ033,
XMHZ034,
XMHZ035,
XMHZ036,
XMHZ037,
XMHZ038,
XMHZ041,
XMHZ042,
XMHZ043,
XMHZ044,
XMHZ047,
XMHZ2030,
XMHZP1,
XMHZP2,
XMHZP3,
XMK9055,
XMK9056,
XMK9057,
XMK9058,
FUTSCLGE-ppl,
FUTSCMED-ppl,
FUTSCXLG-ppl,
FUTSLGE-ppl,
FUTSMED-ppl,
FUTSXLG-ppl,
MATDD200-dkb,
