B199,F
B200,F
B201,F
B202,F
B203,F
B204,F
B242-blu,F
B243,F
B271,F
B275,F
B281,F
B282,F
B308-blu,F
B308-pnk,F
B308-pur,F
B308-red,F
B309,F
B310-blu,F
B310-pnk,F
B310-pur,F
B310-red,F
B314-blu,F
B317-blu,F
B317-pnk,F
B317-pur,F
B317-red,F
BELDLGE-fle,M
BELDLGE-fpa,M
BELSLGE-pbr,M
BLING55-b,F
BLING55-p,F
CC01-blw,F
CC02,F
CC03,F
CC09-blu,F
CC10,F
CC50,F
CC60,F
CC70,F
CC80,F
CC99,F
CM010,F
CM012,F
CT011,F
CT013,F
CT015,F
CT028-blu,F
CT028-red,F
CT038,F
CT039,F
CT041,F
CT052,F
CT060,F
CT072,F
CT074,F
CT075,F
CT076,F
CT077,F
CT078,F
CT079,F
CT080,F
CT081,F
CT082,F
CT092,F
CVR02,F
CVR03,F
DB006,M
DB007,M
DB010-LGE,F
DB010-MED,F
DB010-SET,F
DB010-SML,F
DB010-XLG,F
DB020-cus,M
DB020-flr,M
DB020-gnt,M
DB020-hlf,M
DB020-lge,M
DB020-med,M
DB020-sml,M
DB020-xlg,M
DB031,F
DB032,F
DB033,F
DB034,F
DB035,M
DB036,M
DB037,M
DB038,M
DB041-lge,F
DB041-med,F
DB041-set,F
DB041-sml,F
DB041-xlg,F
DB042-lge,F
DB042-med,F
DB042-set,F
DB042-sml,F
DB043-lge-blk,M
DB043-lge-org,M
DB043-med-blk,M
DB043-med-org,M
DB043-set-blk,M
DB043-set-org,M
DB043-sml-blk,M
DB043-sml-org,M
DB044-lge-blk,M
DB044-lge-org,M
DB044-med-blk,M
DB044-med-org,M
DB044-set-blk,M
DB044-set-org,M
DB044-sml-blk,M
DB044-sml-org,M
DB045,F
DB046,M
DB053-lge,M
DB053-med,M
DB053-sml,M
DB054-lge,M
DB054-med,M
DB055-lge,M
DB055-med,M
DB065-lge,M
DB065-med,M
DB066-lge,M
DB066-med,M
DB067-lge,M
DB067-med,M
DB070-lge,M
DB070-med,M
DB070-xlg,M
DB071-lge,M
DB071-med,M
DB071-xlg,M
DB072-lge,M
DB072-med,M
DB072-sml,M
DB073-lge,M
DB073-med,M
DB073-sml,M
DB080,F
DB081,F
DB083,M
DB084,M
DB085,M
DB085C,M
DB107-lge,F
DB107-med,F
DB107-set,F
DB107-sml,F
DB108-lge,F
DB108-med,F
DB108-set,F
DB108-sml,F
DB109,M
DB109C,M
DB110,M
DB110C,M
DB111,M
DB111C,M
DB112,M
DB112C,M
DB113-lge,F
DB113-med,F
DB113-set,F
DB113-sml,F
DB113-xlg,F
DB114-sml,F
DB115,M
DB115C,M
DB116,M
DB116C,M
DB120,M
DB120C,M
DB121-lge,M
DB121-med,M
DB122-lge,F
DB122-med,F
DB122-set,F
DB122-sml,F
DB122-xlg,F
DB123-lge,F
DB123-med,F
DB123-set,F
DB123-sml,F
DB123-xlg,F
DB124-lge,F
DB124-med,F
DB124-set,F
DB124-sml,F
DB124-xlg,F
DB125-lge,F
DB125-med,F
DB125-set,F
DB125-sml,F
DB125-xlg,F
DB127-lge,M
DB127-med,M
DB127-reg,M
DB128-lge,M
DB128-med,M
DB128-xlg,M
DB129-lge,F
DB129-med,F
DB129-set,F
DB129-sml,F
DB129-xlg,F
DBSJUM,M
DBSLGE,M
DBSRSJUM,F
DBSRSLGE,F
DBSRSMED,F
DBSRSMIN,F
DBSRSSML,F
DBSSML,M
DC018,F
DC019,F
DC021,F
DC022,F
DC034,F
DC038,F
DC044,F
DC055,F
DC063,F
DC064,F
DC073,M
DC076,M
DC079,F
DC081,M
DC094,F
DC096,F
DC108,F
DC109,F
DC113,F
DC114,M
DC115,M
DC116,M
DC117,M
DC200,F
DC201,F
DC202,F
DC203,F
DC204,F
DC205,F
DC210,F
DC211,F
DC212,F
DC213,F
DC214,F
DC215,F
DC220,F
DC221,F
DC222,F
DC225,F
DC226,F
DC230,F
DC231,F
DC232,F
DC235,F
DC236,F
DC237,F
DC240,F
DC241,F
DC242,F
DC243,F
DC252,F
DC253,F
DC271,M
DC277,F
DC278,M
DC279,M
DC282,F
DC283,M
DC284,M
DC285,M
DC286,M
DC287,M
DC288,M
DC289,M
DC290,M
DC291,M
DC292,M
DC294,F
DC296,F
DC297,F
DC298,F
DC299,F
DC300,M
DC301,M
DC302,M
DCDC25,M
DCF30-blk,F
DCF35-blk,F
DCF40-blk,F
DCF45-blk,F
DCF50-blk,F
DCF55-blk,F
DCLN40-blu,M
DCLN40-brn,M
DCLN40-bur,M
DCLN40-gry,M
DCLN40-pnk,M
DCLN40-pur,M
DCLN40-red,M
DCLN50-blu,M
DCLN50-brn,M
DCLN50-bur,M
DCLN50-gry,M
DCLN50-pnk,M
DCLN50-pur,M
DCLN50-red,M
DCLN60-blu,M
DCLN60-brn,M
DCLN60-bur,M
DCLN60-gry,M
DCLN60-pnk,M
DCLN60-pur,M
DCLN60-red,M
DCLN70-blu,M
DCLN70-brn,M
DCLN70-bur,M
DCLN70-gry,M
DCLN70-pnk,M
DCLN70-pur,M
DCLN70-red,M
DCLN80-blu,M
DCLN80-brn,M
DCLN80-bur,M
DCLN80-gry,M
DCLN80-pnk,M
DCLN80-pur,M
DCLN80-red,M
DCLN90-blu,M
DCLN90-brn,M
DCLN90-bur,M
DCLN90-gry,M
DCLN90-pnk,M
DCLN90-pur,M
DCLN90-red,M
DCXP01-30,F
DCXP01-35,F
DCXP01-40,F
DCXP01-45,F
DCXP01-50,F
DCXP01-55,F
DCXP01-60,F
DCXP01-65,F
DCXP01-70,F
DCXP01-75,F
DCXP02-30,F
DCXP02-35,F
DCXP02-40,F
DCXP02-45,F
DCXP02-50,F
DCXP02-55,F
DCXP02-60,F
DCXP02-65,F
DCXP02-70,F
DCXP02-75,F
DCXP03-30,F
DCXP03-35,F
DCXP03-40,F
DCXP03-45,F
DCXP03-50,F
DCXP03-55,F
DCXP03-60,F
DCXP03-65,F
DCXP03-70,F
DCXP03-75,F
DCXP05-25,F
DCXP05-30,F
DCXP05-35,F
DCXP05-40,F
DCXP05-45,F
DCXP05-50,F
DCXP05-55,F
DCXP05-60,F
DCXP06-25,F
DCXP06-30,F
DCXP06-35,F
DCXP06-40,F
DCXP06-45,F
DCXP06-50,F
DCXP06-55,F
DCXP06-60,F
DCXP07-25,F
DCXP07-30,F
DCXP07-35,F
DCXP07-40,F
DCXP07-45,F
DCXP07-50,F
DCXP07-55,F
DCXP07-60,F
DCXP11-30,F
DCXP11-35,F
DCXP11-40,F
DCXP11-45,F
DCXP11-50,F
DCXP12-30,F
DCXP12-35,F
DCXP12-40,F
DCXP12-45,F
DCXP12-50,F
DCXP13-30,F
DCXP13-35,F
DCXP13-40,F
DCXP13-45,F
DCXP13-50,F
DCXP14-30,F
DCXP14-35,F
DCXP14-40,F
DCXP14-45,F
DCXP14-50,F
DCXP15-30,F
DCXP15-35,F
DCXP15-40,F
DCXP15-45,F
DCXP15-50,F
DCYB25,M
DOND-LGE-brn,F
DOND-MED-brn,F
DOND-SET-brn,F
DOND-SML-brn,F
DT022,F
DT027,F
DT061,F
DT066,F
DT067,F
DT068,F
DT081,F
DT112,F
DT117-box,F
DT125,F
DT130,M
DT133,F
DT134,F
DT135,F
DT136,F
DT137,F
DT140,F
DT141,F
DT142,M
DT143,M
DT144,M
DT145-blu,F
DT145-brn,F
DT145-set,F
DT146,F
DT147,F
DT148,M
DT149,M
DT150,F
DT151,F
DT152,F
DT153,F
DT154,F
DT155,F
DT156,F
DT157,F
DT158,F
DT159,F
DT160,F
DT161,F
DT162,F
FF02-blu,F
FF02-grn,F
FF02-red,F
FF02-set,F
FUTDCLGE-brn,M
FUTDCLGE-dkb,M
FUTDCLGE-lte,M
FUTDCMED-brn,M
FUTDCMED-dkb,M
FUTDCMED-lte,M
FUTDCXLG-brn,M
FUTDCXLG-dkb,M
FUTDCXLG-lte,M
FUTDLGE-brn,M
FUTDLGE-dkb,M
FUTDLGE-lte,M
FUTDMED-brn,M
FUTDMED-dkb,M
FUTDMED-lte,M
FUTDXLG-brn,M
FUTDXLG-dkb,M
FUTDXLG-lte,M
GIFT12,M
GR52,F
HP009-blu,F
HP009-red,F
IGLDLGE-fle,M
IGLDLGE-fpa,M
IGLSLGE-pbr,M
K9C20B,M
K9C20V,M
K9C25B,M
K9C25V,M
K9C30B,M
K9C30V,M
K9C35B,M
K9C35V,M
K9C40B,M
K9C40V,M
K9C45B,M
K9C45V,M
K9C50B,M
K9C50V,M
K9C55B,M
K9C55V,M
K9C60B,M
K9C60V,M
K9C65B,M
K9C65V,M
K9C70B,M
K9C70V,M
K9C75B,M
K9C75V,M
K9C80B,M
K9C80V,M
K9S20-blu,M
K9S20-brn,M
K9S20-bur,M
K9S20-gry,M
K9S20-pnk,M
K9S20-pur,M
K9S20-red,M
K9S25-blu,M
K9S25-brn,M
K9S25-bur,M
K9S25-gry,M
K9S25-pnk,M
K9S25-pur,M
K9S25-red,M
K9S30-blu,M
K9S30-brn,M
K9S30-bur,M
K9S30-gry,M
K9S30-pnk,M
K9S30-pur,M
K9S30-red,M
K9S35-blu,M
K9S35-brn,M
K9S35-bur,M
K9S35-gry,M
K9S35-pnk,M
K9S35-pur,M
K9S35-red,M
K9S40-blu,M
K9S40-brn,M
K9S40-bur,M
K9S40-gry,M
K9S40-pnk,M
K9S40-pur,M
K9S40-red,M
K9S45-blu,M
K9S45-brn,M
K9S45-bur,M
K9S45-gry,M
K9S45-pnk,M
K9S45-pur,M
K9S45-red,M
K9S50-blu,M
K9S50-brn,M
K9S50-bur,M
K9S50-gry,M
K9S50-pnk,M
K9S50-pur,M
K9S50-red,M
K9S55-blu,M
K9S55-brn,M
K9S55-bur,M
K9S55-gry,M
K9S55-pnk,M
K9S55-pur,M
K9S55-red,M
K9S60-blu,M
K9S60-brn,M
K9S60-bur,M
K9S60-gry,M
K9S60-pnk,M
K9S60-pur,M
K9S60-red,M
K9S70-blu,M
K9S70-brn,M
K9S70-bur,M
K9S70-gry,M
K9S70-pnk,M
K9S70-pur,M
K9S70-red,M
K9S80-blu,M
K9S80-brn,M
K9S80-bur,M
K9S80-gry,M
K9S80-pnk,M
K9S80-pur,M
K9S80-red,M
LC010-blk,F
LC010-red,F
LC012-blk,F
LC012-red,F
LC050-blu,F
LC050-brn,F
LC050-lpk,F
LC050-pnk,F
LC050-red,F
LC114-bur,F
LC153,M
LC155,M
LC500-gld,M
LC500-pur,M
LC500-svr,M
LC502-blk,M
LC502-dkb,M
LC502-pur,M
LC502-red,M
LC504-blk,M
LC504-dkb,M
LC504-pur,M
LC504-red,M
LC508-blk,M
LC508-dkb,M
LC508-pur,M
LC508-red,M
LC510-blk,M
LC510-dkb,M
LC510-pur,M
LC510-red,M
LC512-blk,M
LC512-dkb,M
LC512-pur,M
LC512-red,M
LC514-blk,M
LC514-dkb,M
LC514-pur,M
LC514-red,M
LC537,M
LC539,M
LC540-blk,F
LC540-red,F
LC540-tan,F
LC542-blk,F
LC542-red,F
LC542-tan,F
LC544-blk,F
LC544-red,F
LC544-tan,F
LC546-blk,F
LC546-red,F
LC546-tan,F
LC554-blk,F
LC554-red,F
LC554-tan,F
LC571-blk,M
LC571-brn,M
LC589,M
LC591,M
LC593,M
LC595,M
LC630-blk,M
LC630-dkb,M
LC630-ltb,M
LC630-pur,M
LC630-red,M
LC632-blk,M
LC632-dkb,M
LC632-ltb,M
LC632-pur,M
LC632-red,M
LC634-blk,M
LC634-dkb,M
LC634-ltb,M
LC634-pur,M
LC634-red,M
LC636-blk,M
LC636-dkb,M
LC636-ltb,M
LC636-pur,M
LC636-red,M
LC661,F
LC663-blk,M
LC663-dkb,M
LC663-ltb,M
LC663-pur,M
LC663-red,M
LC664-blk,M
LC664-dkb,M
LC664-ltb,M
LC664-pur,M
LC664-red,M
LC667-blk,M
LC667-dkb,M
LC667-ltb,M
LC667-pur,M
LC667-red,M
LC668-blk,M
LC668-dkb,M
LC668-ltb,M
LC668-pur,M
LC668-red,M
LC672-blk,M
LC672-dkb,M
LC672-ltb,M
LC672-pur,M
LC672-red,M
LC674-blk,M
LC674-dkb,M
LC674-ltb,M
LC674-pur,M
LC674-red,M
LC675-blk,F
LC675-dkb,F
LC675-ltb,F
LC675-pur,F
LC675-red,F
LC676-blk,M
LC676-dkb,M
LC676-ltb,M
LC676-pur,M
LC676-red,M
LC677-blk,M
LC677-dkb,M
LC677-ltb,M
LC677-pur,M
LC677-red,M
LC678-blk,M
LC678-dkb,M
LC678-ltb,M
LC678-pur,M
LC678-red,M
LC679-blk,F
LC679-dkb,F
LC679-ltb,F
LC679-pur,F
LC679-red,F
LC690-blk,M
LC690-dkb,M
LC690-ltb,M
LC690-pur,M
LC690-red,M
LC691-blk,M
LC691-dkb,M
LC691-ltb,M
LC691-pur,M
LC691-red,M
LC694-blk,M
LC694-blu,M
LC694-pur,M
LC694-red,M
LC697-blk,M
LC697-blu,M
LC697-pur,M
LC697-red,M
LC699-blk,M
LC699-blu,M
LC699-pur,M
LC699-red,M
LC700-blk,M
LC700-blu,M
LC700-pur,M
LC700-red,M
LC704-blk,M
LC704-blu,M
LC704-pur,M
LC704-red,M
LC705-blk,M
LC705-blu,M
LC705-pur,M
LC705-red,M
LC707-blk,M
LC707-blu,M
LC707-pur,M
LC707-red,M
LC709-blk,M
LC709-blu,M
LC709-pur,M
LC709-red,M
LC711-blk,M
LC711-blu,M
LC711-pur,M
LC711-red,M
LC713-blk,M
LC713-blu,M
LC713-pur,M
LC713-red,M
LC752-blk,M
LC752-dkb,M
LC752-pur,M
LC752-red,M
LC754-blk,M
LC754-blu,M
LC754-chc,M
LC754-gry,M
LC754-jde,M
LC754-llc,M
LC754-org,M
LC754-pnk,M
LC754-pur,M
LC754-red,M
LC755-blk,M
LC755-blu,M
LC755-chc,M
LC755-gry,M
LC755-jde,M
LC755-llc,M
LC755-org,M
LC755-pnk,M
LC755-pur,M
LC755-red,M
LC762-blk,M
LC762-dkb,M
LC762-ltb,M
LC762-pur,M
LC762-red,M
LC764-blk,M
LC764-dkb,M
LC764-ltb,M
LC764-pur,M
LC764-red,M
LC766-blu,F
LC766-pnk,F
LC766-pur,F
LC766-red,F
LC792-blk,M
LC792-dkb,M
LC792-pur,M
LC792-red,M
LC794-blk,M
LC794-dkb,M
LC794-pur,M
LC794-red,M
LC796-blk,M
LC796-dkb,M
LC796-pur,M
LC796-red,M
LC798-blk,M
LC798-dkb,M
LC798-pur,M
LC798-red,M
LC801-grn,M
LC801-org,M
LC801-yel,M
LC888-blk,M
LC888-bur,M
LC888-org,M
LC888-pnk,M
LC888-red,M
LC892-blk,M
LC892-blu,M
LC892-pur,M
LC892-red,M
LC897-blk,M
LC897-pnk,M
LC897-red,M
LC911,M
LC913,M
LC915,M
LC917,M
LC958,F
LC959,F
LC960,F
LC961,F
LC962,F
LC963,F
LC965,F
LC966,F
MATSDLGE-xxx,M
MATSDMED-xxx,M
MATSDSML-xxx,M
MATSFJUM-dbl,M
MATSFLGE-dbl,M
MATSFMED-dbl,M
MATSFMIN-dbl,M
MATSFSML-dbl,M
MATWDLGE-brn,M
MATWDLGE-dkb,M
MATWDLGE-gry,M
MATWDLGE-lte,M
MATWDMED-brn,M
MATWDMED-dkb,M
MATWDMED-gry,M
MATWDMED-lte,M
MATWDSML-brn,M
MATWDSML-dkb,M
MATWDSML-gry,M
MATWDSML-lte,M
MSP001,M
MSP002,M
PDL01,M
PDL05,M
PDL10,M
PDL15,M
PDLP02,M
PDLP05,M
PDLP10,M
PDLP18,M
PDLPST,M
PPDLGE-bei,M
PPDLGE-blk,M
PPDMED-bei,M
PPDMED-blk,M
PPDSML-bei,M
PPDSML-blk,M
PPDXLG-bei,M
PPDXLG-blk,M
PPDXXL-bei,M
PPDXXL-blk,M
PPTOPUP,M
XMHZ039,F
XMHZ040,F
XMHZ045,F
XMHZ046,F
