Product Code,,Therapon
,,1372
XMYF001,1.56,
XMYF002,1.58,
XMYF003,2.21,
XMWM120,5.56,
XMYF005,13.04,
XMYF004,6.00,
XMKTSP009,6.00,
XMKTSP002,5.16,48
XMKTSP001,5.16,48
XMKTSP003,5.56,24
XMKTSP004,5.56,24
XMKTSP007,4.76,
XMKTSP008,4.76,
XMKTSP005,4.76,
XMKTSP006,4.76,
XMKTSP010,1.96,
XMKTSP011,3.56,
XMWM121,4.36,
XMYF006,13.56,
XMWM122,3.60,
XMK9303,31.96,
XMK9304,27.96,
XMK9305,1.00,
XMK9306,1.40,
XMK9301,1.88,
XMK9302,2.76,
XMWM102,1.88,
XMWM104,1.88,
CT120,11.16,
XMHK121,1.24,
XMHK118,1.96,
XMHK119,1.96,96
XMHK120,1.32,
,,
